-- phpMyAdmin SQL Dump
-- version 5.2.1
-- https://www.phpmyadmin.net/
--
-- Servidor: 127.0.0.1
-- Tiempo de generación: 08-05-2025 a las 01:31:10
-- Versión del servidor: 10.4.32-MariaDB
-- Versión de PHP: 8.2.12

SET SQL_MODE = "NO_AUTO_VALUE_ON_ZERO";
START TRANSACTION;
SET time_zone = "+00:00";


/*!40101 SET @OLD_CHARACTER_SET_CLIENT=@@CHARACTER_SET_CLIENT */;
/*!40101 SET @OLD_CHARACTER_SET_RESULTS=@@CHARACTER_SET_RESULTS */;
/*!40101 SET @OLD_COLLATION_CONNECTION=@@COLLATION_CONNECTION */;
/*!40101 SET NAMES utf8mb4 */;

--
-- Base de datos: `farmacia`
--

-- --------------------------------------------------------

--
-- Estructura de tabla para la tabla `brands`
--

CREATE TABLE `brands` (
  `brand_id` int(11) NOT NULL,
  `brand_name` varchar(255) NOT NULL,
  `brand_active` int(11) NOT NULL DEFAULT 0,
  `brand_status` int(11) NOT NULL DEFAULT 0
) ENGINE=InnoDB DEFAULT CHARSET=latin1 COLLATE=latin1_swedish_ci;

--
-- Volcado de datos para la tabla `brands`
--

INSERT INTO `brands` (`brand_id`, `brand_name`, `brand_active`, `brand_status`) VALUES
(1, 'Cipla', 1, 1),
(2, 'Mankind', 1, 1),
(3, 'Sunpharma', 1, 1),
(4, 'MicroLabs', 1, 1),
(5, 'Pfizer', 1, 1),
(6, 'Bayer', 1, 1),
(7, 'AstraZeneca', 1, 1),
(8, 'Novartis', 1, 1),
(9, 'Roche', 1, 1),
(10, 'Sanofi', 1, 1),
(11, 'Merck', 1, 1),
(12, 'Johnson & Johnson', 1, 1),
(13, 'GlaxoSmithKline', 1, 1),
(14, 'Abbott Laboratories', 1, 1),
(15, 'Eli Lilly', 1, 1),
(16, 'Bristol-Myers Squibb', 1, 1),
(17, 'Novo Nordisk', 1, 1),
(18, 'Boehringer Ingelheim', 1, 1),
(19, 'Takeda', 1, 1),
(20, 'Gilead Sciences', 1, 1),
(21, 'Amgen', 1, 1),
(22, 'Biogen', 1, 1),
(23, 'Teva Pharmaceuticals', 1, 1),
(24, 'Mylan', 1, 1),
(25, 'Allergan', 1, 1),
(26, 'Baxter International', 1, 1),
(27, 'Bial', 1, 1),
(28, 'Biocon', 1, 1),
(29, 'CSL Behring', 1, 1),
(30, 'Dr. Reddy\'s', 1, 1),
(31, 'Eisai', 1, 1),
(32, 'Ferrer', 1, 1),
(33, 'Grifols', 1, 1),
(34, 'Hikma', 1, 1),
(35, 'Ipsen', 1, 1),
(36, 'Lundbeck', 1, 1),
(37, 'Menarini', 1, 1),
(38, 'Otsuka', 1, 1),
(39, 'Recordati', 1, 1),
(40, 'Servier', 1, 1),
(41, 'Stada', 1, 1),
(42, 'UCB', 1, 1),
(43, 'Zambon', 1, 1),
(44, 'Adamed', 1, 1),
(45, 'Almirall', 1, 1),
(46, 'Aspen', 1, 1),
(47, 'Biotest', 1, 1),
(48, 'Esteve', 1, 1),
(49, 'Faes Farma', 1, 1),
(50, 'Gedeon Richter', 1, 1),
(51, 'Glenmark', 1, 1),
(52, 'Grifols', 1, 1),
(53, 'Italfarmaco', 1, 1),
(54, 'Kern Pharma', 1, 1),
(55, 'Laboratorios Salvat', 1, 1);

-- --------------------------------------------------------

--
-- Estructura de tabla para la tabla `categories`
--

CREATE TABLE `categories` (
  `categories_id` int(11) NOT NULL,
  `categories_name` varchar(255) NOT NULL,
  `categories_active` int(11) NOT NULL DEFAULT 0,
  `categories_status` int(11) NOT NULL DEFAULT 0
) ENGINE=InnoDB DEFAULT CHARSET=latin1 COLLATE=latin1_swedish_ci;

--
-- Volcado de datos para la tabla `categories`
--

INSERT INTO `categories` (`categories_id`, `categories_name`, `categories_active`, `categories_status`) VALUES
(1, 'Pastillas', 1, 1),
(2, 'Jarabe', 1, 1),
(3, 'Inyecciones', 1, 1),
(4, 'Paliativos', 1, 1),
(5, 'Vacunas', 1, 1),
(6, 'Analgésicos', 1, 1),
(7, 'Antibióticos', 1, 1),
(8, 'Antihistamínicos', 1, 1),
(9, 'Antiinflamatorios', 1, 1),
(10, 'Antidepresivos', 1, 1),
(11, 'Anticoagulantes', 1, 1),
(12, 'Antihipertensivos', 1, 1),
(13, 'Antivirales', 1, 1),
(14, 'Ansiolíticos', 1, 1),
(15, 'Antiparkinsonianos', 1, 1),
(16, 'Antipsicóticos', 1, 1),
(17, 'Antiarrítmicos', 1, 1),
(18, 'Anticonvulsivos', 1, 1),
(19, 'Antidiabéticos', 1, 1),
(20, 'Antiulcerosos', 1, 1),
(21, 'Broncodilatadores', 1, 1),
(22, 'Corticosteroides', 1, 1),
(23, 'Diuréticos', 1, 1),
(24, 'Hipnóticos', 1, 1),
(25, 'Laxantes', 1, 1),
(26, 'Vitaminas', 1, 1),
(27, 'Minerales', 1, 1),
(28, 'Antifúngicos', 1, 1),
(29, 'Antiparasitarios', 1, 1),
(30, 'Antisépticos', 1, 1),
(31, 'Antitusivos', 1, 1),
(32, 'Expectorantes', 1, 1),
(33, 'Antipruriginosos', 1, 1),
(34, 'Anticancerosos', 1, 1),
(35, 'Anticonceptivos', 1, 1),
(36, 'Hormonas', 1, 1),
(37, 'Inmunomoduladores', 1, 1),
(38, 'Relajantes musculares', 1, 1),
(39, 'Oftálmicos', 1, 1),
(40, 'Otológicos', 1, 1),
(41, 'Dermatológicos', 1, 1),
(42, 'Antiácidos', 1, 1),
(43, 'Antieméticos', 1, 1),
(44, 'Antidiarreicos', 1, 1),
(45, 'Suplementos nutricionales', 1, 1),
(46, 'Vasodilatadores', 1, 1),
(47, 'Anestésicos', 1, 1),
(48, 'Antimigrañosos', 1, 1),
(49, 'Antitoxinas', 1, 1),
(50, 'Hemostáticos', 1, 1),
(51, 'Hipolipemiantes', 1, 1),
(52, 'Sueros', 1, 1),
(53, 'Probióticos', 1, 1),
(54, 'Mucolíticos', 1, 1);

-- --------------------------------------------------------

--
-- Estructura de tabla para la tabla `orders`
--

CREATE TABLE `orders` (
  `id` int(15) NOT NULL,
  `uno` varchar(50) NOT NULL,
  `orderDate` date NOT NULL,
  `clientName` text NOT NULL,
  `projectName` varchar(30) NOT NULL,
  `clientContact` int(15) NOT NULL,
  `address` varchar(30) NOT NULL,
  `subTotal` int(100) NOT NULL,
  `totalAmount` int(100) NOT NULL,
  `discount` int(100) NOT NULL,
  `grandTotalValue` int(100) NOT NULL,
  `gstn` int(100) NOT NULL,
  `paid` int(100) NOT NULL,
  `dueValue` int(100) NOT NULL,
  `paymentType` int(15) NOT NULL,
  `paymentStatus` int(15) NOT NULL,
  `paymentPlace` int(5) NOT NULL,
  `delete_status` tinyint(5) NOT NULL
) ENGINE=InnoDB DEFAULT CHARSET=utf8mb4 COLLATE=utf8mb4_general_ci;

--
-- Volcado de datos para la tabla `orders`
--

INSERT INTO `orders` (`id`, `uno`, `orderDate`, `clientName`, `projectName`, `clientContact`, `address`, `subTotal`, `totalAmount`, `discount`, `grandTotalValue`, `gstn`, `paid`, `dueValue`, `paymentType`, `paymentStatus`, `paymentPlace`, `delete_status`) VALUES
(1, 'INV-0001', '2022-02-28', 'Lucho Florez', '', 2147483647, '', 100, 10, 108, 49, 0, 49, 49, 2, 1, 0, 0),
(2, 'INV-0002', '2022-03-24', 'Bernardo Galán', '', 2147483647, '', 300, 354, 354, 354, 18, 354, 354, 1, 1, 1, 0),
(3, 'INV-0003', '2022-04-15', 'Fredy Patricioo', '', 2147483647, '', 860, 505, 505, 505, 12, 505, 505, 0, 1, 2, 0),
(4, 'INV-0004', '2022-04-15', 'Pedro Cliente', '', 2147483647, '', 60, 71, 0, 71, 11, 50, 21, 5, 2, 1, 0),
(5, 'INV-0005', '2022-05-01', 'Juan Cliente', '', 2147483647, '', 200, 236, 0, 236, 36, 300, -64, 2, 1, 1, 0),
(6, 'INV-0006', '2022-05-01', 'Julio Cliente', '', 2147483647, '', 250, 295, 0, 295, 45, 300, -5, 2, 1, 2, 0),
(7, 'INV-0007', '2022-05-03', 'Pedro García', '', 2147483647, '', 250, 295, 0, 295, 45, 300, -5, 2, 1, 1, 0),
(8, 'INV-0008', '2022-05-05', 'Carmen Rodríguez', '', 2147483647, '', 150, 177, 0, 177, 27, 177, 0, 2, 1, 1, 0),
(9, 'INV-0009', '2022-05-06', 'Javier López', '', 2147483647, '', 225, 10, 256, 200, 12, 56, 56, 2, 1, 1, 0),
(10, 'INV-0010', '2022-05-07', 'María González', '', 2147483647, '', 180, 212, 0, 212, 32, 212, 0, 1, 1, 1, 0),
(11, 'INV-0011', '2022-05-08', 'Roberto Sánchez', '', 2147483647, '', 310, 366, 20, 346, 56, 346, 0, 2, 1, 1, 0),
(12, 'INV-0012', '2022-05-09', 'Laura Martínez', '', 2147483647, '', 175, 207, 0, 207, 32, 207, 0, 3, 1, 1, 0),
(13, 'INV-0013', '2022-05-10', 'Carlos Pérez', '', 2147483647, '', 280, 330, 15, 315, 50, 300, 15, 2, 2, 1, 0),
(14, 'INV-0014', '2022-05-11', 'Ana Torres', '', 2147483647, '', 195, 230, 0, 230, 35, 230, 0, 1, 1, 1, 0),
(15, 'INV-0015', '2022-05-12', 'Francisco Ramírez', '', 2147483647, '', 220, 260, 0, 260, 40, 260, 0, 2, 1, 1, 0),
(16, 'INV-0016', '2022-05-13', 'Elena Castro', '', 2147483647, '', 315, 372, 20, 352, 57, 300, 52, 2, 2, 1, 0),
(17, 'INV-0017', '2022-05-14', 'Miguel Fernández', '', 2147483647, '', 260, 307, 0, 307, 47, 307, 0, 1, 1, 1, 0),
(18, 'INV-0018', '2022-05-15', 'Sofía Navarro', '', 2147483647, '', 185, 218, 10, 208, 33, 208, 0, 2, 1, 1, 0),
(19, 'INV-0019', '2022-05-16', 'Jorge Ruiz', '', 2147483647, '', 240, 283, 0, 283, 43, 283, 0, 2, 1, 1, 0),
(20, 'INV-0020', '2022-05-17', 'Lucía Díaz', '', 2147483647, '', 295, 348, 15, 333, 53, 300, 33, 2, 2, 1, 0),
(21, 'INV-0021', '2022-05-18', 'Alejandro Serrano', '', 2147483647, '', 165, 195, 0, 195, 30, 195, 0, 1, 1, 1, 0),
(22, 'INV-0022', '2022-05-19', 'Cristina Moreno', '', 2147483647, '', 275, 325, 0, 325, 50, 325, 0, 2, 1, 2, 0),
(23, 'INV-0023', '2022-05-20', 'Pablo Jiménez', '', 2147483647, '', 210, 248, 10, 238, 38, 238, 0, 3, 1, 1, 0),
(24, 'INV-0024', '2022-05-21', 'Beatriz Ortega', '', 2147483647, '', 320, 378, 20, 358, 58, 300, 58, 2, 2, 1, 0),
(25, 'INV-0025', '2022-05-22', 'Raúl Vega', '', 2147483647, '', 230, 271, 0, 271, 41, 271, 0, 1, 1, 1, 0),
(26, 'INV-0026', '2022-05-23', 'Patricia Molina', '', 2147483647, '', 270, 319, 15, 304, 49, 304, 0, 2, 1, 1, 0),
(27, 'INV-0027', '2022-05-24', 'Antonio Herrera', '', 2147483647, '', 190, 224, 0, 224, 34, 224, 0, 2, 1, 1, 0),
(28, 'INV-0028', '2022-05-25', 'Isabel Cruz', '', 2147483647, '', 340, 401, 20, 381, 61, 300, 81, 2, 2, 1, 0),
(29, 'INV-0029', '2022-05-26', 'Fernando Gutiérrez', '', 2147483647, '', 205, 242, 0, 242, 37, 242, 0, 1, 1, 1, 0),
(30, 'INV-0030', '2022-05-27', 'Marta Romero', '', 2147483647, '', 255, 301, 15, 286, 46, 286, 0, 2, 1, 1, 0),
(31, 'INV-0031', '2022-05-28', 'Diego Santos', '', 2147483647, '', 175, 207, 0, 207, 32, 207, 0, 3, 1, 1, 0),
(32, 'INV-0032', '2022-05-29', 'Silvia Álvarez', '', 2147483647, '', 290, 342, 10, 332, 52, 300, 32, 2, 2, 1, 0),
(33, 'INV-0033', '2022-05-30', 'Héctor Domínguez', '', 2147483647, '', 215, 254, 0, 254, 39, 254, 0, 1, 1, 1, 0),
(34, 'INV-0034', '2022-05-31', 'Natalia Medina', '', 2147483647, '', 270, 319, 15, 304, 49, 304, 0, 2, 1, 1, 0),
(35, 'INV-0035', '2022-06-01', 'Gabriel Soto', '', 2147483647, '', 195, 230, 0, 230, 35, 230, 0, 2, 1, 2, 0),
(36, 'INV-0036', '2022-06-02', 'Eva Fuentes', '', 2147483647, '', 325, 384, 20, 364, 59, 300, 64, 2, 2, 1, 0),
(37, 'INV-0037', '2022-06-03', 'Adrián Ríos', '', 2147483647, '', 240, 283, 0, 283, 43, 283, 0, 1, 1, 1, 0),
(38, 'INV-0038', '2022-06-04', 'Irene Mendoza', '', 2147483647, '', 280, 330, 15, 315, 50, 315, 0, 2, 1, 1, 0),
(39, 'INV-0039', '2022-06-05', 'Óscar Vargas', '', 2147483647, '', 200, 236, 0, 236, 36, 236, 0, 3, 1, 1, 0),
(40, 'INV-0040', '2022-06-06', 'Marina León', '', 2147483647, '', 315, 372, 10, 362, 57, 300, 62, 2, 2, 1, 0),
(41, 'INV-0041', '2022-06-07', 'Víctor Reyes', '', 2147483647, '', 225, 266, 0, 266, 41, 266, 0, 1, 1, 1, 0),
(42, 'INV-0042', '2022-06-08', 'Celia Pardo', '', 2147483647, '', 290, 342, 15, 327, 52, 327, 0, 2, 1, 1, 0),
(43, 'INV-0043', '2022-06-09', 'Ignacio Bravo', '', 2147483647, '', 210, 248, 0, 248, 38, 248, 0, 2, 1, 1, 0),
(44, 'INV-0044', '2022-06-10', 'Alicia Nieto', '', 2147483647, '', 350, 413, 20, 393, 63, 300, 93, 2, 2, 1, 0),
(45, 'INV-0045', '2022-06-11', 'Sergio Prieto', '', 2147483647, '', 245, 289, 0, 289, 44, 289, 0, 1, 1, 2, 0),
(46, 'INV-0046', '2022-06-12', 'Teresa Blanco', '', 2147483647, '', 300, 354, 15, 339, 54, 339, 0, 2, 1, 1, 0),
(47, 'INV-0047', '2022-06-13', 'Daniel Calvo', '', 2147483647, '', 180, 212, 0, 212, 32, 212, 0, 3, 1, 1, 0),
(48, 'INV-0048', '2022-06-14', 'Claudia Ibáñez', '', 2147483647, '', 330, 389, 10, 379, 59, 300, 79, 2, 2, 1, 0),
(49, 'INV-0049', '2022-06-15', 'Rubén Rojas', '', 2147483647, '', 235, 277, 0, 277, 42, 277, 0, 1, 1, 1, 0),
(50, 'INV-0050', '2022-06-16', 'Julia Esteban', '', 2147483647, '', 310, 366, 15, 351, 56, 351, 0, 2, 1, 1, 0),
(51, 'INV-00051', '2025-05-01', 'Diego', '', 2147483647, '', 85, 100, 10, 90, 15, 700, -610, 2, 1, 2, 0);

-- --------------------------------------------------------

--
-- Estructura de tabla para la tabla `order_item`
--

CREATE TABLE `order_item` (
  `id` int(15) NOT NULL,
  `productName` int(100) NOT NULL,
  `quantity` varchar(255) NOT NULL,
  `rate` varchar(255) NOT NULL,
  `total` varchar(255) NOT NULL,
  `lastid` int(50) NOT NULL,
  `added_date` date NOT NULL
) ENGINE=InnoDB DEFAULT CHARSET=latin1 COLLATE=latin1_swedish_ci;

--
-- Volcado de datos para la tabla `order_item`
--

INSERT INTO `order_item` (`id`, `productName`, `quantity`, `rate`, `total`, `lastid`, `added_date`) VALUES
(5, 2, '1', '100', '100.00', 1, '0000-00-00'),
(10, 1, '2', '30', '60.00', 4, '2022-04-15'),
(13, 2, '2', '150', '300.00', 2, '2022-04-15'),
(14, 3, '1', '200', '200.00', 5, '2022-05-01'),
(15, 5, '1', '250', '250.00', 6, '2022-05-01'),
(16, 5, '1', '250', '250.00', 7, '2022-05-03'),
(17, 6, '2', '25', '50.00', 8, '2022-05-05'),
(18, 7, '1', '45', '45.00', 8, '2022-05-05'),
(19, 8, '1', '30', '30.00', 8, '2022-05-05'),
(20, 10, '1', '25', '25.00', 8, '2022-05-05'),
(26, 6, '3', '25', '75.00', 10, '2022-05-07'),
(27, 15, '1', '60', '60.00', 10, '2022-05-07'),
(28, 10, '2', '20', '40.00', 10, '2022-05-07'),
(29, 8, '1', '30', '30.00', 10, '2022-05-07'),
(30, 11, '2', '40', '80.00', 11, '2022-05-08'),
(31, 12, '1', '50', '50.00', 11, '2022-05-08'),
(32, 17, '1', '55', '55.00', 11, '2022-05-08'),
(33, 19, '1', '75', '75.00', 11, '2022-05-08'),
(34, 9, '1', '35', '35.00', 11, '2022-05-08'),
(35, 20, '1', '65', '65.00', 11, '2022-05-08'),
(36, 6, '2', '25', '50.00', 12, '2022-05-09'),
(37, 8, '2', '30', '60.00', 12, '2022-05-09'),
(38, 15, '1', '60', '60.00', 12, '2022-05-09'),
(39, 10, '1', '20', '20.00', 12, '2022-05-09'),
(40, 21, '1', '40', '40.00', 13, '2022-05-10'),
(41, 22, '2', '60', '120.00', 13, '2022-05-10'),
(42, 7, '2', '45', '90.00', 13, '2022-05-10'),
(43, 24, '1', '50', '50.00', 13, '2022-05-10'),
(44, 18, '1', '40', '40.00', 14, '2022-05-11'),
(45, 10, '2', '20', '40.00', 14, '2022-05-11'),
(46, 26, '1', '30', '30.00', 14, '2022-05-11'),
(47, 16, '2', '35', '70.00', 14, '2022-05-11'),
(48, 28, '1', '55', '55.00', 14, '2022-05-11'),
(49, 23, '1', '55', '55.00', 15, '2022-05-12'),
(50, 25, '1', '70', '70.00', 15, '2022-05-12'),
(51, 27, '1', '30', '30.00', 15, '2022-05-12'),
(52, 29, '1', '60', '60.00', 15, '2022-05-12'),
(53, 30, '1', '70', '70.00', 16, '2022-05-13'),
(54, 13, '2', '65', '130.00', 16, '2022-05-13'),
(55, 25, '1', '70', '70.00', 16, '2022-05-13'),
(56, 17, '1', '55', '55.00', 16, '2022-05-13'),
(57, 32, '1', '80', '80.00', 17, '2022-05-14'),
(58, 33, '1', '75', '75.00', 17, '2022-05-14'),
(59, 34, '1', '60', '60.00', 17, '2022-05-14'),
(60, 12, '1', '50', '50.00', 17, '2022-05-14'),
(61, 33, '1', '75', '75.00', 18, '2022-05-15'),
(62, 26, '2', '30', '60.00', 18, '2022-05-15'),
(63, 10, '2', '20', '40.00', 18, '2022-05-15'),
(64, 35, '1', '45', '45.00', 18, '2022-05-15'),
(65, 14, '1', '70', '70.00', 19, '2022-05-16'),
(66, 36, '1', '65', '65.00', 19, '2022-05-16'),
(67, 37, '1', '55', '55.00', 19, '2022-05-16'),
(68, 38, '1', '35', '35.00', 19, '2022-05-16'),
(69, 6, '1', '25', '25.00', 19, '2022-05-16'),
(70, 39, '1', '70', '70.00', 20, '2022-05-17'),
(71, 40, '1', '80', '80.00', 20, '2022-05-17'),
(72, 41, '1', '60', '60.00', 20, '2022-05-17'),
(73, 42, '1', '75', '75.00', 20, '2022-05-17'),
(74, 43, '1', '65', '65.00', 20, '2022-05-17'),
(75, 6, '2', '25', '50.00', 21, '2022-05-18'),
(76, 8, '2', '30', '60.00', 21, '2022-05-18'),
(77, 10, '1', '20', '20.00', 21, '2022-05-18'),
(78, 44, '1', '90', '90.00', 21, '2022-05-18'),
(79, 45, '1', '25', '25.00', 21, '2022-05-18'),
(80, 12, '1', '50', '50.00', 22, '2022-05-19'),
(81, 13, '1', '65', '65.00', 22, '2022-05-19'),
(82, 14, '1', '70', '70.00', 22, '2022-05-19'),
(83, 15, '1', '60', '60.00', 22, '2022-05-19'),
(84, 46, '1', '30', '30.00', 22, '2022-05-19'),
(85, 21, '1', '40', '40.00', 23, '2022-05-20'),
(86, 22, '1', '60', '60.00', 23, '2022-05-20'),
(87, 23, '1', '55', '55.00', 23, '2022-05-20'),
(88, 24, '1', '50', '50.00', 23, '2022-05-20'),
(89, 7, '1', '45', '45.00', 23, '2022-05-20'),
(90, 47, '1', '30', '30.00', 24, '2022-05-21'),
(91, 49, '1', '100', '100.00', 24, '2022-05-21'),
(92, 8, '2', '30', '60.00', 24, '2022-05-21'),
(93, 9, '2', '35', '70.00', 24, '2022-05-21'),
(94, 34, '1', '60', '60.00', 24, '2022-05-21'),
(95, 48, '1', '40', '40.00', 25, '2022-05-22'),
(96, 11, '2', '40', '80.00', 25, '2022-05-22'),
(97, 12, '1', '50', '50.00', 25, '2022-05-22'),
(98, 13, '1', '65', '65.00', 25, '2022-05-22'),
(99, 14, '1', '70', '70.00', 25, '2022-05-22'),
(100, 15, '1', '60', '60.00', 26, '2022-05-23'),
(101, 16, '2', '35', '70.00', 26, '2022-05-23'),
(102, 17, '1', '55', '55.00', 26, '2022-05-23'),
(103, 18, '1', '40', '40.00', 26, '2022-05-23'),
(104, 20, '1', '65', '65.00', 26, '2022-05-23'),
(105, 40, '1', '80', '80.00', 27, '2022-05-24'),
(106, 41, '1', '60', '60.00', 27, '2022-05-24'),
(107, 10, '2', '20', '40.00', 27, '2022-05-24'),
(108, 18, '1', '40', '40.00', 27, '2022-05-24'),
(109, 19, '1', '75', '75.00', 27, '2022-05-24'),
(110, 50, '1', '250', '250.00', 28, '2022-05-25'),
(111, 40, '1', '80', '80.00', 28, '2022-05-25'),
(112, 6, '1', '25', '25.00', 28, '2022-05-25'),
(113, 8, '1', '30', '30.00', 28, '2022-05-25'),
(114, 10, '1', '20', '20.00', 28, '2022-05-25'),
(115, 20, '1', '65', '65.00', 29, '2022-05-26'),
(116, 21, '1', '40', '40.00', 29, '2022-05-26'),
(117, 22, '1', '60', '60.00', 29, '2022-05-26'),
(118, 10, '2', '20', '40.00', 29, '2022-05-26'),
(119, 23, '1', '55', '55.00', 30, '2022-05-27'),
(120, 24, '1', '50', '50.00', 30, '2022-05-27'),
(121, 25, '1', '70', '70.00', 30, '2022-05-27'),
(122, 26, '1', '30', '30.00', 30, '2022-05-27'),
(123, 27, '1', '30', '30.00', 30, '2022-05-27'),
(124, 28, '1', '55', '55.00', 30, '2022-05-27'),
(125, 13, '1', '65', '65.00', 31, '2022-05-28'),
(126, 14, '1', '70', '70.00', 31, '2022-05-28'),
(127, 10, '2', '20', '40.00', 31, '2022-05-28'),
(128, 29, '1', '60', '60.00', 32, '2022-05-29'),
(129, 30, '1', '70', '70.00', 32, '2022-05-29'),
(130, 31, '1', '45', '45.00', 32, '2022-05-29'),
(131, 32, '1', '80', '80.00', 32, '2022-05-29'),
(132, 33, '1', '75', '75.00', 32, '2022-05-29'),
(133, 23, '1', '55', '55.00', 33, '2022-05-30'),
(134, 24, '1', '50', '50.00', 33, '2022-05-30'),
(135, 25, '1', '70', '70.00', 33, '2022-05-30'),
(136, 10, '2', '20', '40.00', 33, '2022-05-30'),
(137, 34, '1', '60', '60.00', 34, '2022-05-31'),
(138, 35, '1', '45', '45.00', 34, '2022-05-31'),
(139, 36, '1', '65', '65.00', 34, '2022-05-31'),
(140, 37, '1', '55', '55.00', 34, '2022-05-31'),
(141, 38, '1', '35', '35.00', 34, '2022-05-31'),
(142, 45, '1', '25', '25.00', 34, '2022-05-31'),
(143, 38, '2', '35', '70.00', 35, '2022-06-01'),
(144, 39, '1', '70', '70.00', 35, '2022-06-01'),
(145, 15, '1', '60', '60.00', 35, '2022-06-01'),
(146, 40, '1', '80', '80.00', 36, '2022-06-02'),
(147, 41, '1', '60', '60.00', 36, '2022-06-02'),
(148, 42, '1', '75', '75.00', 36, '2022-06-02'),
(149, 43, '1', '65', '65.00', 36, '2022-06-02'),
(150, 33, '1', '75', '75.00', 36, '2022-06-02'),
(151, 26, '1', '30', '30.00', 36, '2022-06-02'),
(152, 10, '2', '20', '40.00', 36, '2022-06-02'),
(153, 6, '2', '25', '50.00', 37, '2022-06-03'),
(154, 7, '2', '45', '90.00', 37, '2022-06-03'),
(155, 8, '2', '30', '60.00', 37, '2022-06-03'),
(156, 9, '1', '35', '35.00', 37, '2022-06-03'),
(157, 10, '1', '20', '20.00', 37, '2022-06-03'),
(158, 14, '1', '70', '70.00', 38, '2022-06-04'),
(159, 15, '1', '60', '60.00', 38, '2022-06-04'),
(160, 16, '2', '35', '70.00', 38, '2022-06-04'),
(161, 17, '1', '55', '55.00', 38, '2022-06-04'),
(162, 9, '1', '35', '35.00', 38, '2022-06-04'),
(163, 10, '1', '20', '20.00', 38, '2022-06-04'),
(164, 11, '1', '40', '40.00', 39, '2022-06-05'),
(165, 12, '1', '50', '50.00', 39, '2022-06-05'),
(166, 13, '1', '65', '65.00', 39, '2022-06-05'),
(167, 10, '2', '20', '40.00', 39, '2022-06-05'),
(168, 26, '1', '30', '30.00', 39, '2022-06-05'),
(169, 18, '1', '40', '40.00', 40, '2022-06-06'),
(170, 19, '1', '75', '75.00', 40, '2022-06-06'),
(171, 20, '1', '65', '65.00', 40, '2022-06-06'),
(172, 21, '1', '40', '40.00', 40, '2022-06-06'),
(173, 22, '1', '60', '60.00', 40, '2022-06-06'),
(174, 23, '1', '55', '55.00', 40, '2022-06-06'),
(175, 10, '1', '20', '20.00', 40, '2022-06-06'),
(176, 7, '1', '45', '45.00', 41, '2022-06-07'),
(177, 8, '2', '30', '60.00', 41, '2022-06-07'),
(178, 9, '2', '35', '70.00', 41, '2022-06-07'),
(179, 10, '1', '20', '20.00', 41, '2022-06-07'),
(180, 11, '1', '40', '40.00', 41, '2022-06-07'),
(181, 12, '1', '50', '50.00', 42, '2022-06-08'),
(182, 13, '1', '65', '65.00', 42, '2022-06-08'),
(183, 14, '1', '70', '70.00', 42, '2022-06-08'),
(184, 15, '1', '60', '60.00', 42, '2022-06-08'),
(185, 16, '1', '35', '35.00', 42, '2022-06-08'),
(186, 10, '1', '20', '20.00', 42, '2022-06-08'),
(187, 6, '2', '25', '50.00', 43, '2022-06-09'),
(188, 7, '1', '45', '45.00', 43, '2022-06-09'),
(189, 8, '2', '30', '60.00', 43, '2022-06-09'),
(190, 9, '1', '35', '35.00', 43, '2022-06-09'),
(191, 10, '1', '20', '20.00', 43, '2022-06-09'),
(192, 50, '1', '250', '250.00', 44, '2022-06-10'),
(193, 12, '1', '50', '50.00', 44, '2022-06-10'),
(194, 13, '1', '65', '65.00', 44, '2022-06-10'),
(195, 10, '1', '20', '20.00', 44, '2022-06-10'),
(196, 16, '1', '35', '35.00', 44, '2022-06-10'),
(197, 18, '1', '40', '40.00', 44, '2022-06-10'),
(198, 21, '1', '40', '40.00', 45, '2022-06-11'),
(199, 22, '1', '60', '60.00', 45, '2022-06-11'),
(200, 23, '1', '55', '55.00', 45, '2022-06-11'),
(201, 24, '1', '50', '50.00', 45, '2022-06-11'),
(202, 10, '2', '20', '40.00', 45, '2022-06-11'),
(203, 27, '1', '30', '30.00', 46, '2022-06-12'),
(204, 28, '1', '55', '55.00', 46, '2022-06-12'),
(205, 29, '1', '60', '60.00', 46, '2022-06-12'),
(206, 30, '1', '70', '70.00', 46, '2022-06-12'),
(207, 31, '1', '45', '45.00', 46, '2022-06-12'),
(208, 10, '2', '20', '40.00', 46, '2022-06-12'),
(209, 6, '2', '25', '50.00', 47, '2022-06-13'),
(210, 7, '1', '45', '45.00', 47, '2022-06-13'),
(211, 8, '2', '30', '60.00', 47, '2022-06-13'),
(212, 9, '1', '35', '35.00', 47, '2022-06-13'),
(213, 10, '1', '20', '20.00', 47, '2022-06-13'),
(214, 34, '1', '60', '60.00', 48, '2022-06-14'),
(215, 35, '1', '45', '45.00', 48, '2022-06-14'),
(216, 36, '1', '65', '65.00', 48, '2022-06-14'),
(217, 37, '1', '55', '55.00', 48, '2022-06-14'),
(218, 38, '1', '35', '35.00', 48, '2022-06-14'),
(219, 39, '1', '70', '70.00', 48, '2022-06-14'),
(220, 40, '1', '80', '80.00', 49, '2022-06-15'),
(221, 41, '1', '60', '60.00', 49, '2022-06-15'),
(222, 10, '2', '20', '40.00', 49, '2022-06-15'),
(223, 13, '1', '65', '65.00', 49, '2022-06-15'),
(224, 25, '1', '70', '70.00', 49, '2022-06-15'),
(225, 6, '2', '25', '50.00', 50, '2022-06-16'),
(226, 7, '2', '45', '90.00', 50, '2022-06-16'),
(227, 8, '2', '30', '60.00', 50, '2022-06-16'),
(228, 9, '2', '35', '70.00', 50, '2022-06-16'),
(229, 10, '2', '20', '40.00', 50, '2022-06-16'),
(239, 9, '2', '35', '70.00', 9, '0000-00-00'),
(240, 11, '1', '40', '40.00', 9, '0000-00-00'),
(241, 13, '1', '65', '65.00', 9, '0000-00-00'),
(242, 16, '1', '35', '35.00', 9, '0000-00-00'),
(243, 14, '1', '70', '70.00', 9, '0000-00-00'),
(244, 1, '2', '30', '60.00', 3, '0000-00-00'),
(245, 2, '4', '150', '600.00', 3, '0000-00-00'),
(246, 3, '1', '200', '200.00', 3, '0000-00-00'),
(247, 16, '1', '40', '40.00', 51, '2025-05-01'),
(248, 12, '7', '45', '45.00', 51, '2025-05-01');

-- --------------------------------------------------------

--
-- Estructura de tabla para la tabla `product`
--

CREATE TABLE `product` (
  `product_id` int(11) NOT NULL,
  `product_name` varchar(255) NOT NULL,
  `product_image` text NOT NULL,
  `brand_id` int(11) NOT NULL,
  `categories_id` int(11) NOT NULL,
  `quantity` varchar(255) NOT NULL,
  `rate` varchar(255) NOT NULL,
  `mrp` int(100) NOT NULL,
  `bno` varchar(50) NOT NULL,
  `expdate` date NOT NULL,
  `added_date` date NOT NULL,
  `active` int(11) NOT NULL DEFAULT 0,
  `status` int(11) NOT NULL DEFAULT 0
) ENGINE=InnoDB DEFAULT CHARSET=latin1 COLLATE=latin1_swedish_ci;

--
-- Volcado de datos para la tabla `product`
--

INSERT INTO `product` (`product_id`, `product_name`, `product_image`, `brand_id`, `categories_id`, `quantity`, `rate`, `mrp`, `bno`, `expdate`, `added_date`, `active`, `status`) VALUES
(1, 'Acetaminofen 500', 'tab.jpg', 1, 1, '50', '30', 40, '307002', '2045-02-28', '2022-02-28', 1, 1),
(2, 'Fronta 23', 'tab1.jpg', 2, 1, '22', '150', 200, '307003', '2022-02-16', '2022-02-28', 1, 1),
(3, 'Rapazol 120', 'tab3.jpg', 3, 3, '74', '200', 300, '307004', '2024-03-13', '2022-02-28', 1, 1),
(4, 'Escripvo 450', 'tab4.jpg', 4, 1, '500', '25', 30, '307005', '2050-05-31', '2022-04-15', 1, 1),
(5, 'Vacuna 123', 'vacuna pfizer.webp', 5, 5, '2500', '250', 254, '171712', '2031-06-18', '2022-05-01', 1, 1),
(6, 'Ibuprofeno 400', 'tab.jpg', 6, 4, '200', '25', 30, '308001', '2025-12-31', '2022-05-05', 1, 1),
(7, 'Amoxicilina 500', 'tab1.jpg', 7, 2, '150', '45', 52, '308002', '2026-06-30', '2022-05-05', 1, 1),
(8, 'Loratadina 10', 'tab3.jpg', 8, 3, '120', '30', 35, '308003', '2026-03-15', '2022-05-05', 1, 1),
(9, 'Omeprazol 20', 'tab4.jpg', 9, 15, '180', '35', 40, '308004', '2026-08-20', '2022-05-06', 1, 1),
(10, 'Paracetamol 650', 'tab.jpg', 10, 1, '300', '20', 25, '308005', '2026-10-10', '2022-05-06', 1, 1),
(11, 'Atorvastatina 10', 'tab1.jpg', 11, 46, '101', '60', 70, '308006', '2026-11-05', '2022-05-06', 1, 1),
(12, 'Losartán 50', 'tab3.jpg', 12, 7, '150', '45', 55, '308007', '2026-09-25', '2022-05-07', 1, 1),
(13, 'Metformina 850', 'tab4.jpg', 13, 14, '201', '40', 48, '308008', '2026-07-15', '2022-05-07', 1, 1),
(14, 'Salbutamol Inhalador', 'inhalador.jpg', 14, 16, '81', '120', 135, '308009', '2025-12-20', '2022-05-08', 1, 1),
(15, 'Fluoxetina 20', 'tab.jpg', 15, 5, '120', '55', 65, '308010', '2026-04-30', '2022-05-08', 1, 1),
(16, 'Enalapril 10', 'tab1.jpg', 16, 7, '151', '40', 48, '308011', '2026-06-18', '2022-05-09', 1, 1),
(17, 'Dexametasona 4', 'tab3.jpg', 17, 17, '100', '50', 60, '308012', '2026-02-28', '2022-05-09', 1, 1),
(18, 'Ciprofloxacino 500', 'tab4.jpg', 18, 2, '120', '65', 75, '308013', '2026-03-10', '2022-05-10', 1, 1),
(19, 'Warfarina 5', 'tab.jpg', 19, 6, '80', '70', 85, '308014', '2026-01-15', '2022-05-10', 1, 1),
(20, 'Diazepam 5', 'tab1.jpg', 20, 9, '90', '60', 72, '308015', '2026-05-20', '2022-05-11', 1, 1),
(21, 'Furosemida 40', 'tab3.jpg', 21, 18, '150', '35', 42, '308016', '2026-08-12', '2022-05-11', 1, 1),
(22, 'Alprazolam 0.5', 'tab4.jpg', 22, 9, '100', '55', 65, '308017', '2025-11-30', '2022-05-12', 1, 1),
(23, 'Amlodipino 5', 'tab.jpg', 23, 7, '180', '40', 48, '308018', '2026-10-15', '2022-05-12', 1, 1),
(24, 'Claritromicina 500', 'tab1.jpg', 24, 2, '120', '75', 85, '308019', '2026-07-25', '2022-05-13', 1, 1),
(25, 'Esomeprazol 40', 'tab3.jpg', 25, 15, '150', '65', 75, '308020', '2026-09-10', '2022-05-13', 1, 1),
(26, 'Levotiroxina 100', 'tab4.jpg', 26, 31, '200', '40', 48, '308021', '2026-11-20', '2022-05-14', 1, 1),
(27, 'Sertralina 50', 'tab.jpg', 27, 5, '120', '60', 70, '308022', '2026-12-15', '2022-05-14', 1, 1),
(28, 'Simvastatina 20', 'tab1.jpg', 28, 46, '150', '55', 65, '308023', '2026-10-05', '2022-05-15', 1, 1),
(29, 'Ranitidina 300', 'tab3.jpg', 29, 15, '100', '50', 60, '308024', '2026-08-22', '2022-05-15', 1, 1),
(30, 'Cefalexina 500', 'tab4.jpg', 30, 2, '120', '70', 80, '308025', '2026-07-18', '2022-05-16', 1, 1),
(31, 'Hidroclorotiazida 25', 'tab.jpg', 31, 18, '180', '30', 38, '308026', '2026-06-25', '2022-05-16', 1, 1),
(32, 'Gabapentina 300', 'tab1.jpg', 32, 13, '100', '80', 95, '308027', '2026-05-30', '2022-05-17', 1, 1),
(33, 'Clopidogrel 75', 'tab3.jpg', 33, 6, '90', '75', 85, '308028', '2026-04-15', '2022-05-17', 1, 1),
(34, 'Pantoprazol 40', 'tab4.jpg', 34, 15, '150', '60', 70, '308029', '2026-03-20', '2022-05-18', 1, 1),
(35, 'Prednisona 5', 'tab.jpg', 35, 17, '120', '45', 55, '308030', '2026-02-28', '2022-05-18', 1, 1),
(36, 'Risperidona 2', 'tab1.jpg', 36, 11, '80', '65', 75, '308031', '2026-01-15', '2022-05-19', 1, 1),
(37, 'Carvedilol 25', 'tab3.jpg', 37, 7, '100', '55', 65, '308032', '2025-12-20', '2022-05-19', 1, 1),
(38, 'Naproxeno 550', 'tab4.jpg', 38, 4, '200', '35', 42, '308033', '2026-11-10', '2022-05-20', 1, 1),
(39, 'Ketoconazol 200', 'tab.jpg', 39, 23, '90', '70', 82, '308034', '2026-10-25', '2022-05-20', 1, 1),
(40, 'Azitromicina 500', 'tab1.jpg', 40, 2, '120', '80', 95, '308035', '2026-09-30', '2022-05-21', 1, 1),
(41, 'Clonazepam 2', 'tab3.jpg', 41, 9, '100', '60', 70, '308036', '2026-08-15', '2022-05-21', 1, 1),
(42, 'Valsartán 80', 'tab4.jpg', 42, 7, '150', '75', 88, '308037', '2026-07-20', '2022-05-22', 1, 1),
(43, 'Fexofenadina 180', 'tab.jpg', 43, 3, '120', '65', 78, '308038', '2026-06-25', '2022-05-22', 1, 1),
(44, 'Tamsulosina 0.4', 'tab1.jpg', 44, 31, '90', '85', 98, '308039', '2026-05-30', '2022-05-23', 1, 1),
(45, 'Levetiracetam 500', 'tab3.jpg', 45, 13, '80', '90', 105, '308040', '2026-04-15', '2022-05-23', 1, 1),
(46, 'Ácido Fólico 5', 'tab4.jpg', 46, 21, '200', '25', 30, '308041', '2026-03-20', '2022-05-24', 1, 1),
(47, 'Metoclopramida 10', 'tab.jpg', 47, 38, '150', '30', 38, '308042', '2026-02-25', '2022-05-24', 1, 1),
(48, 'Famotidina 40', 'tab1.jpg', 48, 15, '120', '40', 48, '308043', '2026-01-30', '2022-05-25', 1, 1),
(49, 'Sildenafil 50', 'tab3.jpg', 49, 41, '100', '100', 120, '308044', '2025-12-15', '2022-05-25', 1, 1),
(50, 'Insulina Glargina', 'insulina.jpg', 50, 14, '60', '250', 280, '308045', '2026-11-20', '2022-05-26', 1, 1);

-- --------------------------------------------------------

--
-- Estructura de tabla para la tabla `users`
--

CREATE TABLE `users` (
  `user_id` int(11) NOT NULL,
  `username` varchar(255) NOT NULL,
  `password` varchar(255) NOT NULL,
  `email` varchar(255) NOT NULL
) ENGINE=InnoDB DEFAULT CHARSET=latin1 COLLATE=latin1_swedish_ci;

--
-- Volcado de datos para la tabla `users`
--

INSERT INTO `users` (`user_id`, `username`, `password`, `email`) VALUES
(1, 'configuroweb', '4b67deeb9aba04a5b54632ad19934f26', 'hola@configuroweb.com'),
(2, 'admin', '21232f297a57a5a743894a0e4a801fc3', 'admin@admin.com'),
(3, 'supervisor', '4b67deeb9aba04a5b54632ad19934f26', 'supervisor@farmacia.com'),
(4, 'vendedor1', '4b67deeb9aba04a5b54632ad19934f26', 'vendedor1@farmacia.com'),
(5, 'vendedor2', '4b67deeb9aba04a5b54632ad19934f26', 'vendedor2@farmacia.com'),
(6, 'vendedor3', '4b67deeb9aba04a5b54632ad19934f26', 'vendedor3@farmacia.com'),
(7, 'inventario1', '4b67deeb9aba04a5b54632ad19934f26', 'inventario1@farmacia.com'),
(8, 'inventario2', '4b67deeb9aba04a5b54632ad19934f26', 'inventario2@farmacia.com'),
(9, 'gerente', '4b67deeb9aba04a5b54632ad19934f26', 'gerente@farmacia.com'),
(10, 'contador', '4b67deeb9aba04a5b54632ad19934f26', 'contador@farmacia.com'),
(11, 'asistente', '4b67deeb9aba04a5b54632ad19934f26', 'asistente@farmacia.com'),
(12, 'farmaceutico1', '4b67deeb9aba04a5b54632ad19934f26', 'farmaceutico1@farmacia.com'),
(13, 'farmaceutico2', '4b67deeb9aba04a5b54632ad19934f26', 'farmaceutico2@farmacia.com'),
(14, 'marketing', '4b67deeb9aba04a5b54632ad19934f26', 'marketing@farmacia.com'),
(15, 'rrhh', '4b67deeb9aba04a5b54632ad19934f26', 'rrhh@farmacia.com'),
(16, 'logistica', '4b67deeb9aba04a5b54632ad19934f26', 'logistica@farmacia.com'),
(17, 'almacen', '4b67deeb9aba04a5b54632ad19934f26', 'almacen@farmacia.com'),
(18, 'tecnico', '4b67deeb9aba04a5b54632ad19934f26', 'tecnico@farmacia.com'),
(19, 'practicante', '4b67deeb9aba04a5b54632ad19934f26', 'practicante@farmacia.com'),
(20, 'cajero1', '4b67deeb9aba04a5b54632ad19934f26', 'cajero1@farmacia.com'),
(21, 'cajero2', '4b67deeb9aba04a5b54632ad19934f26', 'cajero2@farmacia.com'),
(22, 'cajero3', '4b67deeb9aba04a5b54632ad19934f26', 'cajero3@farmacia.com'),
(23, 'compras', '4b67deeb9aba04a5b54632ad19934f26', 'compras@farmacia.com'),
(24, 'ventas', '4b67deeb9aba04a5b54632ad19934f26', 'ventas@farmacia.com'),
(25, 'calidad', '4b67deeb9aba04a5b54632ad19934f26', 'calidad@farmacia.com'),
(26, 'director', '4b67deeb9aba04a5b54632ad19934f26', 'director@farmacia.com'),
(27, 'carlos.rodriguez', '4b67deeb9aba04a5b54632ad19934f26', 'carlos.rodriguez@farmacia.com'),
(28, 'ana.martinez', '4b67deeb9aba04a5b54632ad19934f26', 'ana.martinez@farmacia.com'),
(29, 'pedro.lopez', '4b67deeb9aba04a5b54632ad19934f26', 'pedro.lopez@farmacia.com'),
(30, 'laura.sanchez', '4b67deeb9aba04a5b54632ad19934f26', 'laura.sanchez@farmacia.com'),
(31, 'juan.perez', '4b67deeb9aba04a5b54632ad19934f26', 'juan.perez@farmacia.com'),
(32, 'maria.garcia', '4b67deeb9aba04a5b54632ad19934f26', 'maria.garcia@farmacia.com'),
(33, 'jorge.hernandez', '4b67deeb9aba04a5b54632ad19934f26', 'jorge.hernandez@farmacia.com'),
(34, 'sofia.diaz', '4b67deeb9aba04a5b54632ad19934f26', 'sofia.diaz@farmacia.com'),
(35, 'luis.torres', '4b67deeb9aba04a5b54632ad19934f26', 'luis.torres@farmacia.com'),
(36, 'elena.ruiz', '4b67deeb9aba04a5b54632ad19934f26', 'elena.ruiz@farmacia.com'),
(37, 'alberto.fernandez', '4b67deeb9aba04a5b54632ad19934f26', 'alberto.fernandez@farmacia.com'),
(38, 'carmen.mendoza', '4b67deeb9aba04a5b54632ad19934f26', 'carmen.mendoza@farmacia.com'),
(39, 'raul.jimenez', '4b67deeb9aba04a5b54632ad19934f26', 'raul.jimenez@farmacia.com'),
(40, 'patricia.morales', '4b67deeb9aba04a5b54632ad19934f26', 'patricia.morales@farmacia.com'),
(41, 'sergio.castro', '4b67deeb9aba04a5b54632ad19934f26', 'sergio.castro@farmacia.com'),
(42, 'monica.ortiz', '4b67deeb9aba04a5b54632ad19934f26', 'monica.ortiz@farmacia.com'),
(43, 'javier.ramos', '4b67deeb9aba04a5b54632ad19934f26', 'javier.ramos@farmacia.com'),
(44, 'silvia.vargas', '4b67deeb9aba04a5b54632ad19934f26', 'silvia.vargas@farmacia.com'),
(45, 'roberto.flores', '4b67deeb9aba04a5b54632ad19934f26', 'roberto.flores@farmacia.com'),
(46, 'claudia.navarro', '4b67deeb9aba04a5b54632ad19934f26', 'claudia.navarro@farmacia.com'),
(47, 'oscar.romero', '4b67deeb9aba04a5b54632ad19934f26', 'oscar.romero@farmacia.com'),
(48, 'diana.reyes', '4b67deeb9aba04a5b54632ad19934f26', 'diana.reyes@farmacia.com'),
(49, 'miguel.fuentes', '4b67deeb9aba04a5b54632ad19934f26', 'miguel.fuentes@farmacia.com'),
(50, 'adriana.soto', '4b67deeb9aba04a5b54632ad19934f26', 'adriana.soto@farmacia.com'),
(51, 'daniel.herrera', '4b67deeb9aba04a5b54632ad19934f26', 'daniel.herrera@farmacia.com');

--
-- Índices para tablas volcadas
--

--
-- Indices de la tabla `brands`
--
ALTER TABLE `brands`
  ADD PRIMARY KEY (`brand_id`);

--
-- Indices de la tabla `categories`
--
ALTER TABLE `categories`
  ADD PRIMARY KEY (`categories_id`);

--
-- Indices de la tabla `orders`
--
ALTER TABLE `orders`
  ADD PRIMARY KEY (`id`);

--
-- Indices de la tabla `order_item`
--
ALTER TABLE `order_item`
  ADD PRIMARY KEY (`id`);

--
-- Indices de la tabla `product`
--
ALTER TABLE `product`
  ADD PRIMARY KEY (`product_id`);

--
-- Indices de la tabla `users`
--
ALTER TABLE `users`
  ADD PRIMARY KEY (`user_id`);

--
-- AUTO_INCREMENT de las tablas volcadas
--

--
-- AUTO_INCREMENT de la tabla `brands`
--
ALTER TABLE `brands`
  MODIFY `brand_id` int(11) NOT NULL AUTO_INCREMENT, AUTO_INCREMENT=56;

--
-- AUTO_INCREMENT de la tabla `categories`
--
ALTER TABLE `categories`
  MODIFY `categories_id` int(11) NOT NULL AUTO_INCREMENT, AUTO_INCREMENT=55;

--
-- AUTO_INCREMENT de la tabla `orders`
--
ALTER TABLE `orders`
  MODIFY `id` int(15) NOT NULL AUTO_INCREMENT, AUTO_INCREMENT=52;

--
-- AUTO_INCREMENT de la tabla `order_item`
--
ALTER TABLE `order_item`
  MODIFY `id` int(15) NOT NULL AUTO_INCREMENT, AUTO_INCREMENT=249;

--
-- AUTO_INCREMENT de la tabla `product`
--
ALTER TABLE `product`
  MODIFY `product_id` int(11) NOT NULL AUTO_INCREMENT, AUTO_INCREMENT=51;

--
-- AUTO_INCREMENT de la tabla `users`
--
ALTER TABLE `users`
  MODIFY `user_id` int(11) NOT NULL AUTO_INCREMENT, AUTO_INCREMENT=52;
COMMIT;

/*!40101 SET CHARACTER_SET_CLIENT=@OLD_CHARACTER_SET_CLIENT */;
/*!40101 SET CHARACTER_SET_RESULTS=@OLD_CHARACTER_SET_RESULTS */;
/*!40101 SET COLLATION_CONNECTION=@OLD_COLLATION_CONNECTION */;
